source_group_id,true_label
SRC_0001,coal
SRC_0002,coal
SRC_0003,coal
SRC_0004,coal
SRC_0005,coal
SRC_0006,coal
SRC_0007,coal
SRC_0008,coal
SRC_0009,coal
SRC_0010,coal
SRC_0011,coal
SRC_0012,coal
SRC_0013,coal
SRC_0014,coal
SRC_0015,coal
SRC_0016,coal
SRC_0017,coal
SRC_0018,coal
SRC_0019,coal
SRC_0020,coal
SRC_0021,coal
SRC_0022,coal
SRC_0023,coal
SRC_0024,coal
SRC_0025,coal
SRC_0026,coal
SRC_0027,coal
SRC_0028,coal
SRC_0029,coal
SRC_0030,coal
SRC_0031,coal
SRC_0032,coal
SRC_0033,coal
SRC_0034,coal
SRC_0035,coal
SRC_0036,coal
SRC_0037,coal
SRC_0038,coal
SRC_0039,coal
SRC_0040,coal
SRC_0041,coal
SRC_0042,coal
SRC_0043,coal
SRC_0044,coal
SRC_0045,coal
SRC_0046,coal
SRC_0047,coal
SRC_0048,coal
SRC_0049,coal
SRC_0050,coal
SRC_0051,coal
SRC_0052,coal
SRC_0053,coal
SRC_0054,coal
SRC_0055,coal
SRC_0056,coal
SRC_0057,coal
SRC_0058,coal
SRC_0059,coal
SRC_0060,coal
SRC_0061,coal
SRC_0062,coal
SRC_0063,coal
SRC_0064,coal
SRC_0065,coal
SRC_0066,coal
SRC_0067,coal
SRC_0068,coal
SRC_0069,coal
SRC_0070,coal
SRC_0071,coal
SRC_0072,coal
SRC_0073,coal
SRC_0074,coal
SRC_0075,coal
SRC_0076,coal
SRC_0077,coal
SRC_0078,coal
SRC_0079,coal
SRC_0080,coal
SRC_0081,coal
SRC_0082,coal
SRC_0083,coal
SRC_0084,coal
SRC_0085,coal
SRC_0086,coal
SRC_0087,coal
SRC_0088,coal
SRC_0089,coal
SRC_0090,coal
SRC_0091,coal
SRC_0092,coal
SRC_0093,coal
SRC_0094,coal
SRC_0095,coal
SRC_0096,coal
SRC_0097,coal
SRC_0098,coal
SRC_0099,coal
SRC_0100,coal
SRC_0101,coal
SRC_0102,coal
SRC_0103,coal
SRC_0104,coal
SRC_0105,coal
SRC_0106,coal
SRC_0107,coal
SRC_0108,coal
SRC_0109,coal
SRC_0110,coal
SRC_0111,coal
SRC_0112,coal
SRC_0113,coal
SRC_0114,coal
SRC_0115,coal
SRC_0116,coal
SRC_0117,coal
SRC_0118,coal
SRC_0119,coal
SRC_0120,coal
SRC_0121,coal
SRC_0122,coal
SRC_0123,coal
SRC_0124,coal
SRC_0125,coal
SRC_0126,coal
SRC_0127,coal
SRC_0128,coal
SRC_0129,coal
SRC_0130,coal
SRC_0131,coal
SRC_0132,coal
SRC_0133,coal
SRC_0134,coal
SRC_0135,coal
SRC_0136,coal
SRC_0137,coal
SRC_0138,coal
SRC_0139,coal
SRC_0140,coal
SRC_0141,coal
SRC_0142,coal
SRC_0143,coal
SRC_0144,coal
SRC_0145,coal
SRC_0146,coal
SRC_0147,coal
SRC_0148,coal
SRC_0149,coal
SRC_0150,coal
SRC_0151,coal
SRC_0152,coal
SRC_0153,coal
SRC_0154,coal
SRC_0155,coal
SRC_0156,coal
SRC_0157,coal
SRC_0158,coal
SRC_0159,coal
SRC_0160,coal
SRC_0161,coal
SRC_0162,coal
SRC_0163,coal
SRC_0164,coal
SRC_0165,coal
SRC_0166,coal
SRC_0167,coal
SRC_0168,coal
SRC_0169,coal
SRC_0170,coal
SRC_0171,coal
SRC_0172,coal
SRC_0173,coal
SRC_0174,coal
SRC_0175,coal
SRC_0176,coal
SRC_0177,coal
SRC_0178,coal
SRC_0179,coal
SRC_0180,coal
SRC_0181,coal
SRC_0182,coal
SRC_0183,coal
SRC_0184,coal
SRC_0185,coal
SRC_0186,coal
SRC_0187,coal
SRC_0188,coal
SRC_0189,coal
SRC_0190,coal
SRC_0191,coal
SRC_0192,coal
SRC_0193,coal
SRC_0194,coal
SRC_0195,coal
SRC_0196,coal
SRC_0197,coal
SRC_0198,coal
SRC_0199,coal
SRC_0200,coal
SRC_0201,coal
SRC_0202,coal
SRC_0203,coal
SRC_0204,coal
SRC_0205,coal
SRC_0206,coal
SRC_0207,coal
SRC_0208,coal
SRC_0209,coal
SRC_0210,coal
SRC_0211,coal
SRC_0212,coal
SRC_0213,coal
SRC_0214,coal
SRC_0215,coal
SRC_0216,coal
SRC_0217,coal
SRC_0218,coal
SRC_0219,coal
SRC_0220,coal
SRC_0221,coal
SRC_0222,coal
SRC_0223,coal
SRC_0224,coal
SRC_0225,coal
SRC_0226,coal
SRC_0227,coal
SRC_0228,coal
SRC_0229,coal
SRC_0230,coal
SRC_0231,coal
SRC_0232,coal
SRC_0233,coal
SRC_0234,coal
SRC_0235,coal
SRC_0236,coal
SRC_0237,coal
SRC_0238,coal
SRC_0239,coal
SRC_0240,coal
SRC_0241,coal
SRC_0242,coal
SRC_0243,coal
SRC_0244,coal
SRC_0245,coal
SRC_0246,coal
SRC_0247,coal
SRC_0248,coal
SRC_0249,coal
SRC_0250,coal
SRC_0251,coal
SRC_0252,coal
SRC_0253,coal
SRC_0254,coal
SRC_0255,coal
SRC_0256,coal
SRC_0257,coal
SRC_0258,coal
SRC_0259,coal
SRC_0260,coal
SRC_0261,coal
SRC_0262,coal
SRC_0263,coal
SRC_0264,coal
SRC_0265,coal
SRC_0266,coal
SRC_0267,coal
SRC_0268,coal
SRC_0269,coal
SRC_0270,coal
SRC_0271,coal
SRC_0272,coal
SRC_0273,coal
SRC_0274,coal
SRC_0275,coal
SRC_0276,coal
SRC_0277,coal
SRC_0278,coal
SRC_0279,coal
SRC_0280,coal
SRC_0281,coal
SRC_0282,coal
SRC_0283,coal
SRC_0284,coal
SRC_0285,coal
SRC_0286,coal
SRC_0287,coal
SRC_0288,coal
SRC_0289,coal
SRC_0290,coal
SRC_0291,coal
SRC_0292,coal
SRC_0293,coal
SRC_0294,coal
SRC_0295,coal
SRC_0296,coal
SRC_0297,coal
SRC_0298,coal
SRC_0299,coal
SRC_0300,coal
SRC_0301,coal
SRC_0302,coal
SRC_0303,coal
SRC_0304,coal
SRC_0305,coal
SRC_0306,coal
SRC_0307,coal
SRC_0308,coal
SRC_0309,coal
SRC_0310,coal
SRC_0311,coal
SRC_0312,coal
SRC_0313,coal
SRC_0314,coal
SRC_0315,coal
SRC_0316,coal
SRC_0317,coal
SRC_0318,coal
SRC_0319,coal
SRC_0320,coal
SRC_0321,coal
SRC_0322,coal
SRC_0323,coal
SRC_0324,coal
SRC_0325,coal
SRC_0326,coal
SRC_0327,coal
SRC_0328,coal
SRC_0329,coal
SRC_0330,coal
SRC_0331,coal
SRC_0332,coal
SRC_0333,coal
SRC_0334,coal
SRC_0335,coal
SRC_0336,coal
SRC_0337,coal
SRC_0338,coal
SRC_0339,coal
SRC_0340,coal
SRC_0341,coal
SRC_0342,coal
SRC_0343,coal
SRC_0344,coal
SRC_0345,coal
SRC_0346,coal
SRC_0347,coal
SRC_0348,coal
SRC_0349,coal
SRC_0350,coal
SRC_0351,coal
SRC_0352,coal
SRC_0353,coal
SRC_0354,coal
SRC_0355,coal
SRC_0356,coal
SRC_0357,coal
SRC_0358,coal
SRC_0359,coal
SRC_0360,coal
SRC_0361,coal
SRC_0362,coal
SRC_0363,coal
SRC_0364,coal
SRC_0365,coal
SRC_0366,coal
SRC_0367,coal
SRC_0368,coal
SRC_0369,coal
SRC_0370,coal
SRC_0371,coal
SRC_0372,coal
SRC_0373,coal
SRC_0374,coal
SRC_0375,coal
SRC_0376,coal
SRC_0377,coal
SRC_0378,coal
SRC_0379,coal
SRC_0380,coal
SRC_0381,coal
SRC_0382,coal
SRC_0383,coal
SRC_0384,coal
SRC_0385,coal
SRC_0386,coal
SRC_0387,coal
SRC_0388,coal
SRC_0389,coal
SRC_0390,coal
SRC_0391,coal
SRC_0392,coal
SRC_0393,coal
SRC_0394,coal
SRC_0395,coal
SRC_0396,coal
SRC_0397,coal
SRC_0398,coal
SRC_0399,coal
SRC_0400,coal
SRC_0401,coal
SRC_0402,coal
SRC_0403,coal
SRC_0404,coal
SRC_0405,coal
SRC_0406,coal
SRC_0407,coal
SRC_0408,coal
SRC_0409,coal
SRC_0410,coal
SRC_0411,coal
SRC_0412,coal
SRC_0413,coal
SRC_0414,coal
SRC_0415,coal
SRC_0416,coal
SRC_0417,coal
SRC_0418,coal
SRC_0419,coal
SRC_0420,coal
SRC_0421,coal
SRC_0422,coal
SRC_0423,coal
SRC_0424,coal
SRC_0425,coal
SRC_0426,coal
SRC_0427,coal
SRC_0428,coal
SRC_0429,coal
SRC_0430,coal
SRC_0431,coal
SRC_0432,coal
SRC_0433,coal
SRC_0434,coal
SRC_0435,coal
SRC_0436,coal
SRC_0437,coal
SRC_0438,coal
SRC_0439,coal
SRC_0440,coal
SRC_0441,coal
SRC_0442,coal
SRC_0443,coal
SRC_0444,coal
SRC_0445,coal
SRC_0446,coal
SRC_0447,coal
SRC_0448,coal
SRC_0449,coal
SRC_0450,coal
SRC_0451,coal
SRC_0452,coal
SRC_0453,coal
SRC_0454,coal
SRC_0455,coal
SRC_0456,coal
SRC_0457,coal
SRC_0458,coal
SRC_0459,coal
SRC_0460,coal
SRC_0461,coal
SRC_0462,coal
SRC_0463,coal
SRC_0464,coal
SRC_0465,coal
SRC_0466,coal
SRC_0467,coal
SRC_0468,coal
SRC_0469,coal
SRC_0470,coal
SRC_0471,coal
SRC_0472,coal
SRC_0473,coal
SRC_0474,coal
SRC_0475,coal
SRC_0476,coal
SRC_0477,coal
SRC_0478,coal
SRC_0479,coal
SRC_0480,coal
SRC_0481,coal
SRC_0482,coal
SRC_0483,coal
SRC_0484,coal
SRC_0485,coal
SRC_0486,coal
SRC_0487,coal
SRC_0488,coal
SRC_0489,coal
SRC_0490,coal
SRC_0491,coal
SRC_0492,coal
SRC_0493,coal
SRC_0494,coal
SRC_0495,coal
SRC_0496,coal
SRC_0497,coal
SRC_0498,coal
SRC_0499,coal
SRC_0500,coal
SRC_0501,coal
SRC_0502,coal
SRC_0503,coal
SRC_0504,coal
SRC_0505,coal
SRC_0506,coal
SRC_0507,coal
SRC_0508,coal
SRC_0509,coal
SRC_0510,coal
SRC_0511,coal
SRC_0512,coal
SRC_0513,coal
SRC_0514,coal
SRC_0515,coal
SRC_0516,coal
SRC_0517,coal
SRC_0518,coal
SRC_0519,coal
SRC_0520,coal
SRC_0521,coal
SRC_0522,coal
SRC_0523,coal
SRC_0524,coal
SRC_0525,coal
SRC_0526,coal
SRC_0527,coal
SRC_0528,coal
SRC_0529,coal
SRC_0530,coal
SRC_0531,coal
SRC_0532,coal
SRC_0533,coal
SRC_0534,coal
SRC_0535,coal
SRC_0536,coal
SRC_0537,coal
SRC_0538,coal
SRC_0539,coal
SRC_0540,coal
SRC_0541,coal
SRC_0542,coal
SRC_0543,coal
SRC_0544,coal
SRC_0545,coal
SRC_0546,coal
SRC_0547,coal
SRC_0548,coal
SRC_0549,coal
SRC_0550,coal
SRC_0551,coal
SRC_0552,coal
SRC_0553,coal
SRC_0554,coal
SRC_0555,coal
SRC_0556,coal
SRC_0557,coal
SRC_0558,coal
SRC_0559,coal
SRC_0560,coal
SRC_0561,coal
SRC_0562,coal
SRC_0563,coal
SRC_0564,coal
SRC_0565,coal
SRC_0566,coal
SRC_0567,coal
SRC_0568,coal
SRC_0569,coal
SRC_0570,coal
SRC_0571,coal
SRC_0572,coal
SRC_0573,coal
SRC_0574,coal
SRC_0575,coal
SRC_0576,coal
SRC_0577,coal
SRC_0578,coal
SRC_0579,coal
SRC_0580,coal
SRC_0581,coal
SRC_0582,coal
SRC_0583,coal
SRC_0584,coal
SRC_0585,coal
SRC_0586,coal
SRC_0587,coal
SRC_0588,coal
SRC_0589,coal
SRC_0590,coal
SRC_0591,coal
SRC_0592,coal
SRC_0593,coal
SRC_0594,coal
SRC_0595,coal
SRC_0596,coal
SRC_0597,coal
SRC_0598,coal
SRC_0599,coal
SRC_0600,coal
SRC_0601,coal
SRC_0602,coal
SRC_0603,coal
SRC_0604,coal
SRC_0605,coal
SRC_0606,coal
SRC_0607,coal
SRC_0608,coal
SRC_0609,coal
SRC_0610,coal
SRC_0611,coal
SRC_0612,coal
SRC_0613,coal
SRC_0614,coal
SRC_0615,coal
SRC_0616,coal
SRC_0617,coal
SRC_0618,coal
SRC_0619,coal
SRC_0620,coal
SRC_0621,coal
SRC_0622,coal
SRC_0623,coal
SRC_0624,coal
SRC_0625,coal
SRC_0626,coal
SRC_0627,coal
SRC_0628,coal
SRC_0629,coal
SRC_0630,coal
SRC_0631,coal
SRC_0632,coal
SRC_0633,coal
SRC_0634,coal
SRC_0635,coal
SRC_0636,coal
SRC_0637,coal
SRC_0638,coal
SRC_0639,coal
SRC_0640,coal
SRC_0641,coal
SRC_0642,coal
SRC_0643,coal
SRC_0644,coal
SRC_0645,coal
SRC_0646,coal
SRC_0647,coal
SRC_0648,coal
SRC_0649,coal
SRC_0650,coal
SRC_0651,coal
SRC_0652,coal
SRC_0653,coal
SRC_0654,coal
SRC_0655,coal
SRC_0656,coal
SRC_0657,coal
SRC_0658,coal
SRC_0659,coal
SRC_0660,coal
SRC_0661,coal
SRC_0662,coal
SRC_0663,coal
SRC_0664,coal
SRC_0665,coal
SRC_0666,coal
SRC_0667,coal
SRC_0668,coal
SRC_0669,coal
SRC_0670,coal
SRC_0671,coal
SRC_0672,coal
SRC_0673,coal
SRC_0674,coal
SRC_0675,coal
SRC_0676,coal
SRC_0677,coal
SRC_0678,coal
SRC_0679,coal
SRC_0680,coal
SRC_0681,coal
SRC_0682,coal
SRC_0683,coal
SRC_0684,coal
SRC_0685,coal
SRC_0686,coal
SRC_0687,coal
SRC_0688,coal
SRC_0689,coal
SRC_0690,coal
SRC_0691,coal
SRC_0692,coal
SRC_0693,coal
SRC_0694,coal
SRC_0695,coal
SRC_0696,coal
SRC_0697,coal
SRC_0698,coal
SRC_0699,coal
SRC_0700,coal
SRC_0701,coal
SRC_0702,coal
SRC_0703,coal
SRC_0704,coal
SRC_0705,coal
SRC_0706,coal
SRC_0707,coal
SRC_0708,coal
SRC_0709,coal
SRC_0710,coal
SRC_0711,coal
SRC_0712,coal
SRC_0713,coal
SRC_0714,coal
SRC_0715,coal
SRC_0716,coal
SRC_0717,coal
SRC_0718,coal
SRC_0719,coal
SRC_0720,coal
SRC_0721,coal
SRC_0722,coal
SRC_0723,coal
SRC_0724,coal
SRC_0725,coal
SRC_0726,coal
SRC_0727,coal
SRC_0728,coal
SRC_0729,coal
SRC_0730,coal
SRC_0731,coal
SRC_0732,coal
SRC_0733,coal
SRC_0734,coal
SRC_0735,coal
SRC_0736,coal
SRC_0737,coal
SRC_0738,coal
SRC_0739,coal
SRC_0740,coal
SRC_0741,coal
SRC_0742,coal
SRC_0743,coal
SRC_0744,coal
SRC_0745,coal
SRC_0746,coal
SRC_0747,coal
SRC_0748,coal
SRC_0749,coal
SRC_0750,coal
SRC_0751,coal
SRC_0752,coal
SRC_0753,coal
SRC_0754,coal
SRC_0755,coal
SRC_0756,coal
SRC_0757,coal
SRC_0758,coal
SRC_0759,coal
SRC_0760,coal
SRC_0761,coal
SRC_0762,coal
SRC_0763,coal
SRC_0764,coal
SRC_0765,coal
SRC_0766,coal
SRC_0767,coal
SRC_0768,coal
SRC_0769,coal
SRC_0770,coal
SRC_0771,coal
SRC_0772,coal
SRC_0773,coal
SRC_0774,coal
SRC_0775,coal
SRC_0776,coal
SRC_0777,coal
SRC_0778,coal
SRC_0779,coal
SRC_0780,coal
SRC_0781,coal
SRC_0782,coal
SRC_0783,coal
SRC_0784,coal
SRC_0785,coal
SRC_0786,coal
SRC_0787,coal
SRC_0788,coal
SRC_0789,coal
SRC_0790,coal
SRC_0791,coal
SRC_0792,coal
SRC_0793,coal
SRC_0794,coal
SRC_0795,coal
SRC_0796,coal
SRC_0797,coal
SRC_0798,coal
SRC_0799,coal
SRC_0800,coal
SRC_0801,coal
SRC_0802,coal
SRC_0803,coal
SRC_0804,coal
SRC_0805,coal
SRC_0806,coal
SRC_0807,coal
SRC_0808,coal
SRC_0809,coal
SRC_0810,coal
SRC_0811,coal
SRC_0812,coal
SRC_0813,coal
SRC_0814,coal
SRC_0815,coal
SRC_0816,coal
SRC_0817,coal
SRC_0818,coal
SRC_0819,coal
SRC_0820,coal
SRC_0821,coal
SRC_0822,coal
SRC_0823,coal
SRC_0824,coal
SRC_0825,coal
SRC_0826,coal
SRC_0827,coal
SRC_0828,coal
SRC_0829,coal
SRC_0830,coal
SRC_0831,coal
SRC_0832,coal
SRC_0833,coal
SRC_0834,coal
SRC_0835,coal
SRC_0836,coal
SRC_0837,coal
SRC_0838,coal
SRC_0839,coal
SRC_0840,coal
SRC_0841,coal
SRC_0842,coal
SRC_0843,coal
SRC_0844,coal
SRC_0845,coal
SRC_0846,coal
SRC_0847,coal
SRC_0848,coal
SRC_0849,coal
SRC_0850,coal
SRC_0851,coal
SRC_0852,coal
SRC_0853,coal
SRC_0854,coal
SRC_0855,coal
SRC_0856,coal
SRC_0857,coal
SRC_0858,coal
SRC_0859,coal
SRC_0860,coal
SRC_0861,coal
SRC_0862,coal
SRC_0863,coal
SRC_0864,coal
SRC_0865,coal
SRC_0866,coal
SRC_0867,coal
SRC_0868,coal
SRC_0869,coal
SRC_0870,coal
SRC_0871,coal
SRC_0872,coal
SRC_0873,coal
SRC_0874,coal
SRC_0875,coal
SRC_0876,coal
SRC_0877,coal
SRC_0878,coal
SRC_0879,coal
SRC_0880,coal
SRC_0881,coal
SRC_0882,coal
SRC_0883,gangue
SRC_0884,gangue
SRC_0885,gangue
SRC_0886,gangue
SRC_0887,gangue
SRC_0888,gangue
SRC_0889,gangue
SRC_0890,gangue
SRC_0891,gangue
SRC_0892,gangue
SRC_0893,gangue
SRC_0894,gangue
SRC_0895,gangue
SRC_0896,gangue
SRC_0897,gangue
SRC_0898,gangue
SRC_0899,gangue
SRC_0900,gangue
SRC_0901,gangue
SRC_0902,gangue
SRC_0903,gangue
SRC_0904,gangue
SRC_0905,gangue
SRC_0906,gangue
SRC_0907,gangue
SRC_0908,gangue
SRC_0909,gangue
SRC_0910,gangue
SRC_0911,gangue
SRC_0912,gangue
SRC_0913,gangue
SRC_0914,gangue
SRC_0915,gangue
SRC_0916,gangue
SRC_0917,gangue
SRC_0918,gangue
SRC_0919,gangue
SRC_0920,gangue
SRC_0921,gangue
SRC_0922,gangue
SRC_0923,gangue
SRC_0924,gangue
SRC_0925,gangue
SRC_0926,gangue
SRC_0927,gangue
SRC_0928,gangue
SRC_0929,gangue
SRC_0930,gangue
SRC_0931,gangue
SRC_0932,gangue
SRC_0933,gangue
SRC_0934,gangue
SRC_0935,gangue
SRC_0936,gangue
SRC_0937,gangue
SRC_0938,gangue
SRC_0939,gangue
SRC_0940,gangue
SRC_0941,gangue
SRC_0942,gangue
SRC_0943,gangue
SRC_0944,gangue
SRC_0945,gangue
SRC_0946,gangue
SRC_0947,gangue
SRC_0948,gangue
SRC_0949,gangue
SRC_0950,gangue
SRC_0951,gangue
SRC_0952,gangue
SRC_0953,gangue
SRC_0954,gangue
SRC_0955,gangue
SRC_0956,gangue
SRC_0957,gangue
SRC_0958,gangue
SRC_0959,gangue
SRC_0960,gangue
SRC_0961,gangue
SRC_0962,gangue
SRC_0963,gangue
SRC_0964,gangue
SRC_0965,gangue
SRC_0966,gangue
SRC_0967,gangue
SRC_0968,gangue
SRC_0969,gangue
SRC_0970,gangue
SRC_0971,gangue
SRC_0972,gangue
SRC_0973,gangue
SRC_0974,gangue
SRC_0975,gangue
SRC_0976,gangue
SRC_0977,gangue
SRC_0978,gangue
SRC_0979,gangue
SRC_0980,gangue
SRC_0981,gangue
SRC_0982,gangue
SRC_0983,gangue
SRC_0984,gangue
SRC_0985,gangue
SRC_0986,gangue
SRC_0987,gangue
SRC_0988,gangue
SRC_0989,gangue
SRC_0990,gangue
SRC_0991,gangue
SRC_0992,gangue
SRC_0993,gangue
SRC_0994,gangue
SRC_0995,gangue
SRC_0996,gangue
SRC_0997,gangue
SRC_0998,gangue
SRC_0999,gangue
SRC_1000,gangue
SRC_1001,gangue
SRC_1002,gangue
SRC_1003,gangue
SRC_1004,gangue
SRC_1005,gangue
SRC_1006,gangue
SRC_1007,gangue
SRC_1008,gangue
SRC_1009,gangue
SRC_1010,gangue
SRC_1011,gangue
SRC_1012,gangue
SRC_1013,gangue
SRC_1014,gangue
SRC_1015,gangue
SRC_1016,gangue
SRC_1017,gangue
SRC_1018,gangue
SRC_1019,gangue
SRC_1020,gangue
SRC_1021,gangue
SRC_1022,gangue
SRC_1023,gangue
SRC_1024,gangue
SRC_1025,gangue
SRC_1026,gangue
SRC_1027,gangue
SRC_1028,gangue
SRC_1029,gangue
SRC_1030,gangue
SRC_1031,gangue
SRC_1032,gangue
SRC_1033,gangue
SRC_1034,gangue
SRC_1035,gangue
SRC_1036,gangue
SRC_1037,gangue
SRC_1038,gangue
SRC_1039,gangue
SRC_1040,gangue
SRC_1041,gangue
SRC_1042,gangue
SRC_1043,gangue
SRC_1044,gangue
SRC_1045,gangue
SRC_1046,gangue
SRC_1047,gangue
SRC_1048,gangue
SRC_1049,gangue
SRC_1050,gangue
SRC_1051,gangue
SRC_1052,gangue
SRC_1053,gangue
SRC_1054,gangue
SRC_1055,gangue
SRC_1056,gangue
SRC_1057,gangue
SRC_1058,gangue
SRC_1059,gangue
SRC_1060,gangue
SRC_1061,gangue
SRC_1062,gangue
SRC_1063,gangue
SRC_1064,gangue
SRC_1065,gangue
SRC_1066,gangue
SRC_1067,gangue
SRC_1068,gangue
SRC_1069,gangue
SRC_1070,gangue
SRC_1071,gangue
SRC_1072,gangue
SRC_1073,gangue
SRC_1074,gangue
SRC_1075,gangue
SRC_1076,gangue
SRC_1077,gangue
SRC_1078,gangue
SRC_1079,gangue
SRC_1080,gangue
SRC_1081,gangue
SRC_1082,gangue
SRC_1083,gangue
SRC_1084,gangue
SRC_1085,gangue
SRC_1086,gangue
SRC_1087,gangue
SRC_1088,gangue
SRC_1089,gangue
SRC_1090,gangue
SRC_1091,gangue
SRC_1092,gangue
SRC_1093,gangue
SRC_1094,gangue
SRC_1095,gangue
SRC_1096,gangue
SRC_1097,gangue
SRC_1098,gangue
SRC_1099,gangue
SRC_1100,gangue
SRC_1101,gangue
SRC_1102,gangue
SRC_1103,gangue
SRC_1104,gangue
SRC_1105,gangue
SRC_1106,gangue
SRC_1107,gangue
SRC_1108,gangue
SRC_1109,gangue
SRC_1110,gangue
SRC_1111,gangue
SRC_1112,gangue
SRC_1113,gangue
SRC_1114,gangue
SRC_1115,gangue
SRC_1116,gangue
SRC_1117,gangue
SRC_1118,gangue
SRC_1119,gangue
SRC_1120,gangue
SRC_1121,gangue
SRC_1122,gangue
SRC_1123,gangue
SRC_1124,gangue
SRC_1125,gangue
SRC_1126,gangue
SRC_1127,gangue
SRC_1128,gangue
SRC_1129,gangue
SRC_1130,gangue
SRC_1131,gangue
SRC_1132,gangue
SRC_1133,gangue
SRC_1134,gangue
SRC_1135,gangue
SRC_1136,gangue
SRC_1137,gangue
SRC_1138,gangue
SRC_1139,gangue
SRC_1140,gangue
SRC_1141,gangue
SRC_1142,gangue
SRC_1143,gangue
SRC_1144,gangue
SRC_1145,gangue
SRC_1146,gangue
SRC_1147,gangue
SRC_1148,gangue
SRC_1149,gangue
SRC_1150,gangue
SRC_1151,gangue
SRC_1152,gangue
SRC_1153,gangue
SRC_1154,gangue
SRC_1155,gangue
SRC_1156,gangue
SRC_1157,gangue
SRC_1158,gangue
SRC_1159,gangue
SRC_1160,gangue
SRC_1161,gangue
SRC_1162,gangue
SRC_1163,gangue
SRC_1164,gangue
SRC_1165,gangue
SRC_1166,gangue
SRC_1167,gangue
SRC_1168,gangue
SRC_1169,gangue
SRC_1170,gangue
SRC_1171,gangue
SRC_1172,gangue
SRC_1173,gangue
SRC_1174,gangue
SRC_1175,gangue
SRC_1176,gangue
SRC_1177,gangue
SRC_1178,gangue
SRC_1179,gangue
SRC_1180,gangue
SRC_1181,gangue
SRC_1182,gangue
SRC_1183,gangue
SRC_1184,gangue
SRC_1185,gangue
SRC_1186,gangue
SRC_1187,gangue
SRC_1188,gangue
SRC_1189,gangue
SRC_1190,gangue
SRC_1191,gangue
SRC_1192,gangue
SRC_1193,gangue
SRC_1194,gangue
SRC_1195,gangue
SRC_1196,gangue
SRC_1197,gangue
SRC_1198,gangue
SRC_1199,gangue
SRC_1200,gangue
SRC_1201,gangue
SRC_1202,gangue
SRC_1203,gangue
SRC_1204,gangue
SRC_1205,gangue
SRC_1206,gangue
SRC_1207,gangue
SRC_1208,gangue
SRC_1209,gangue
SRC_1210,gangue
SRC_1211,gangue
SRC_1212,gangue
SRC_1213,gangue
SRC_1214,gangue
SRC_1215,gangue
SRC_1216,gangue
SRC_1217,gangue
SRC_1218,gangue
SRC_1219,gangue
SRC_1220,gangue
SRC_1221,gangue
SRC_1222,gangue
SRC_1223,gangue
SRC_1224,gangue
SRC_1225,gangue
SRC_1226,gangue
SRC_1227,gangue
SRC_1228,gangue
SRC_1229,gangue
SRC_1230,gangue
SRC_1231,gangue
SRC_1232,gangue
SRC_1233,gangue
SRC_1234,gangue
SRC_1235,gangue
SRC_1236,gangue
SRC_1237,gangue
SRC_1238,gangue
SRC_1239,gangue
SRC_1240,gangue
SRC_1241,gangue
SRC_1242,gangue
SRC_1243,gangue
SRC_1244,gangue
SRC_1245,gangue
SRC_1246,gangue
SRC_1247,gangue
SRC_1248,gangue
SRC_1249,gangue
SRC_1250,gangue
SRC_1251,gangue
SRC_1252,gangue
SRC_1253,gangue
SRC_1254,gangue
SRC_1255,gangue
SRC_1256,gangue
SRC_1257,gangue
SRC_1258,gangue
SRC_1259,gangue
SRC_1260,gangue
SRC_1261,gangue
SRC_1262,gangue
SRC_1263,gangue
SRC_1264,gangue
SRC_1265,gangue
SRC_1266,gangue
SRC_1267,gangue
SRC_1268,gangue
SRC_1269,gangue
SRC_1270,gangue
SRC_1271,gangue
SRC_1272,gangue
SRC_1273,gangue
SRC_1274,gangue
SRC_1275,gangue
SRC_1276,gangue
SRC_1277,gangue
SRC_1278,gangue
SRC_1279,gangue
SRC_1280,gangue
SRC_1281,gangue
SRC_1282,gangue
SRC_1283,gangue
SRC_1284,gangue
SRC_1285,gangue
SRC_1286,gangue
SRC_1287,gangue
SRC_1288,gangue
SRC_1289,gangue
SRC_1290,gangue
SRC_1291,gangue
SRC_1292,gangue
SRC_1293,gangue
SRC_1294,gangue
SRC_1295,gangue
SRC_1296,gangue
SRC_1297,gangue
SRC_1298,gangue
SRC_1299,gangue
SRC_1300,gangue
SRC_1301,gangue
SRC_1302,gangue
SRC_1303,gangue
SRC_1304,gangue
SRC_1305,gangue
SRC_1306,gangue
SRC_1307,gangue
SRC_1308,gangue
SRC_1309,gangue
SRC_1310,gangue
SRC_1311,gangue
SRC_1312,gangue
SRC_1313,gangue
SRC_1314,gangue
SRC_1315,gangue
SRC_1316,gangue
SRC_1317,gangue
SRC_1318,gangue
SRC_1319,gangue
SRC_1320,gangue
SRC_1321,gangue
SRC_1322,gangue
SRC_1323,gangue
SRC_1324,gangue
SRC_1325,gangue
SRC_1326,gangue
SRC_1327,gangue
SRC_1328,gangue
SRC_1329,gangue
SRC_1330,gangue
SRC_1331,gangue
SRC_1332,gangue
SRC_1333,gangue
SRC_1334,gangue
SRC_1335,gangue
SRC_1336,gangue
SRC_1337,gangue
SRC_1338,gangue
SRC_1339,gangue
SRC_1340,gangue
SRC_1341,gangue
SRC_1342,gangue
SRC_1343,gangue
SRC_1344,gangue
SRC_1345,gangue
SRC_1346,gangue
SRC_1347,gangue
SRC_1348,gangue
SRC_1349,gangue
SRC_1350,gangue
SRC_1351,gangue
SRC_1352,gangue
SRC_1353,gangue
SRC_1354,gangue
SRC_1355,gangue
SRC_1356,gangue
SRC_1357,gangue
SRC_1358,gangue
SRC_1359,gangue
SRC_1360,gangue
SRC_1361,gangue
SRC_1362,gangue
SRC_1363,gangue
SRC_1364,gangue
SRC_1365,gangue
SRC_1366,gangue
SRC_1367,gangue
SRC_1368,gangue
SRC_1369,gangue
SRC_1370,gangue
SRC_1371,gangue
SRC_1372,gangue
SRC_1373,gangue
SRC_1374,gangue
SRC_1375,gangue
SRC_1376,gangue
SRC_1377,gangue
SRC_1378,gangue
SRC_1379,gangue
SRC_1380,gangue
SRC_1381,gangue
SRC_1382,gangue
SRC_1383,gangue
SRC_1384,gangue
SRC_1385,gangue
SRC_1386,gangue
SRC_1387,gangue
SRC_1388,gangue
SRC_1389,gangue
SRC_1390,gangue
SRC_1391,gangue
SRC_1392,gangue
SRC_1393,gangue
SRC_1394,gangue
SRC_1395,gangue
SRC_1396,gangue
SRC_1397,gangue
SRC_1398,gangue
SRC_1399,gangue
SRC_1400,gangue
SRC_1401,gangue
SRC_1402,gangue
SRC_1403,gangue
SRC_1404,gangue
SRC_1405,gangue
SRC_1406,gangue
SRC_1407,gangue
SRC_1408,gangue
SRC_1409,gangue
SRC_1410,gangue
SRC_1411,gangue
SRC_1412,gangue
SRC_1413,gangue
SRC_1414,gangue
SRC_1415,gangue
SRC_1416,gangue
SRC_1417,gangue
SRC_1418,gangue
SRC_1419,gangue
SRC_1420,gangue
SRC_1421,gangue
SRC_1422,gangue
SRC_1423,gangue
SRC_1424,gangue
SRC_1425,gangue
SRC_1426,gangue
SRC_1427,gangue
SRC_1428,gangue
SRC_1429,gangue
SRC_1430,gangue
SRC_1431,gangue
SRC_1432,gangue
SRC_1433,gangue
SRC_1434,gangue
SRC_1435,gangue
SRC_1436,gangue
SRC_1437,gangue
SRC_1438,gangue
SRC_1439,gangue
SRC_1440,gangue
SRC_1441,gangue
SRC_1442,gangue
SRC_1443,gangue
SRC_1444,gangue
SRC_1445,gangue
SRC_1446,gangue
SRC_1447,gangue
SRC_1448,gangue
SRC_1449,gangue
SRC_1450,gangue
SRC_1451,gangue
SRC_1452,gangue
SRC_1453,gangue
SRC_1454,gangue
SRC_1455,gangue
SRC_1456,gangue
SRC_1457,gangue
SRC_1458,gangue
SRC_1459,gangue
SRC_1460,gangue
SRC_1461,gangue
SRC_1462,gangue
SRC_1463,gangue
SRC_1464,gangue
SRC_1465,gangue
SRC_1466,gangue
SRC_1467,gangue
SRC_1468,gangue
SRC_1469,gangue
SRC_1470,gangue
SRC_1471,gangue
SRC_1472,gangue
SRC_1473,gangue
SRC_1474,gangue
SRC_1475,gangue
SRC_1476,gangue
SRC_1477,gangue
SRC_1478,gangue
SRC_1479,gangue
SRC_1480,gangue
SRC_1481,gangue
SRC_1482,gangue
SRC_1483,gangue
SRC_1484,gangue
SRC_1485,gangue
SRC_1486,gangue
SRC_1487,gangue
SRC_1488,gangue
SRC_1489,gangue
SRC_1490,gangue
SRC_1491,gangue
SRC_1492,gangue
SRC_1493,gangue
SRC_1494,gangue
SRC_1495,gangue
SRC_1496,gangue
SRC_1497,gangue
SRC_1498,gangue
SRC_1499,gangue
SRC_1500,gangue
SRC_1501,gangue
SRC_1502,gangue
SRC_1503,gangue
SRC_1504,gangue
SRC_1505,gangue
SRC_1506,gangue
SRC_1507,gangue
SRC_1508,gangue
SRC_1509,gangue
SRC_1510,gangue
SRC_1511,gangue
SRC_1512,gangue
SRC_1513,gangue
SRC_1514,gangue
SRC_1515,gangue
SRC_1516,gangue
SRC_1517,gangue
SRC_1518,gangue
SRC_1519,gangue
SRC_1520,gangue
SRC_1521,gangue
SRC_1522,gangue
SRC_1523,gangue
SRC_1524,gangue
SRC_1525,gangue
SRC_1526,gangue
SRC_1527,gangue
SRC_1528,gangue
SRC_1529,gangue
SRC_1530,gangue
SRC_1531,gangue
SRC_1532,gangue
SRC_1533,gangue
SRC_1534,gangue
SRC_1535,gangue
SRC_1536,gangue
SRC_1537,gangue
SRC_1538,gangue
SRC_1539,gangue
SRC_1540,gangue
SRC_1541,gangue
SRC_1542,gangue
SRC_1543,gangue
SRC_1544,gangue
SRC_1545,gangue
SRC_1546,gangue
SRC_1547,gangue
SRC_1548,gangue
SRC_1549,gangue
SRC_1550,gangue
SRC_1551,gangue
SRC_1552,gangue
SRC_1553,gangue
SRC_1554,gangue
SRC_1555,gangue
SRC_1556,gangue
SRC_1557,gangue
SRC_1558,gangue
SRC_1559,gangue
SRC_1560,gangue
SRC_1561,gangue
SRC_1562,gangue
SRC_1563,gangue
SRC_1564,gangue
SRC_1565,gangue
SRC_1566,gangue
SRC_1567,gangue
SRC_1568,gangue
SRC_1569,gangue
SRC_1570,gangue
SRC_1571,gangue
SRC_1572,gangue
SRC_1573,gangue
SRC_1574,gangue
SRC_1575,gangue
SRC_1576,gangue
SRC_1577,gangue
SRC_1578,gangue
SRC_1579,gangue
SRC_1580,gangue
SRC_1581,gangue
SRC_1582,gangue
SRC_1583,gangue
SRC_1584,gangue
SRC_1585,gangue
SRC_1586,gangue
SRC_1587,gangue
SRC_1588,gangue
SRC_1589,gangue
SRC_1590,gangue
SRC_1591,gangue
SRC_1592,gangue
SRC_1593,gangue
SRC_1594,gangue
SRC_1595,gangue
SRC_1596,gangue
SRC_1597,gangue
SRC_1598,gangue
SRC_1599,gangue
SRC_1600,gangue
SRC_1601,gangue
SRC_1602,gangue
SRC_1603,gangue
SRC_1604,gangue
SRC_1605,gangue
SRC_1606,gangue
SRC_1607,gangue
SRC_1608,gangue
SRC_1609,gangue
SRC_1610,gangue
SRC_1611,gangue
SRC_1612,gangue
SRC_1613,gangue
SRC_1614,gangue
SRC_1615,gangue
SRC_1616,gangue
SRC_1617,gangue
SRC_1618,gangue
SRC_1619,gangue
SRC_1620,gangue
SRC_1621,gangue
SRC_1622,gangue
SRC_1623,gangue
SRC_1624,gangue
SRC_1625,gangue
SRC_1626,gangue
SRC_1627,gangue
SRC_1628,gangue
SRC_1629,gangue
SRC_1630,gangue
SRC_1631,gangue
SRC_1632,gangue
SRC_1633,gangue
SRC_1634,gangue
SRC_1635,gangue
SRC_1636,gangue
SRC_1637,gangue
SRC_1638,gangue
SRC_1639,gangue
SRC_1640,gangue
SRC_1641,gangue
SRC_1642,gangue
SRC_1643,gangue
SRC_1644,gangue
SRC_1645,gangue
SRC_1646,gangue
SRC_1647,gangue
SRC_1648,gangue
SRC_1649,gangue
SRC_1650,gangue
SRC_1651,gangue
SRC_1652,gangue
SRC_1653,gangue
SRC_1654,gangue
SRC_1655,gangue
SRC_1656,gangue
SRC_1657,gangue
SRC_1658,gangue
SRC_1659,gangue
SRC_1660,gangue
SRC_1661,gangue
SRC_1662,gangue
SRC_1663,gangue
SRC_1664,gangue
SRC_1665,gangue
SRC_1666,gangue
SRC_1667,gangue
SRC_1668,gangue
SRC_1669,gangue
SRC_1670,gangue
SRC_1671,gangue
SRC_1672,gangue
SRC_1673,gangue
SRC_1674,gangue
SRC_1675,gangue
SRC_1676,gangue
SRC_1677,gangue
SRC_1678,gangue
SRC_1679,gangue
SRC_1680,gangue
SRC_1681,gangue
SRC_1682,gangue
SRC_1683,gangue
SRC_1684,gangue
SRC_1685,gangue
SRC_1686,gangue
SRC_1687,gangue
SRC_1688,gangue
SRC_1689,gangue
SRC_1690,gangue
SRC_1691,gangue
SRC_1692,gangue
SRC_1693,gangue
SRC_1694,gangue
SRC_1695,gangue
SRC_1696,gangue
SRC_1697,gangue
SRC_1698,gangue
SRC_1699,gangue
SRC_1700,gangue
SRC_1701,gangue
SRC_1702,gangue
SRC_1703,gangue
SRC_1704,gangue
SRC_1705,gangue
SRC_1706,gangue
SRC_1707,gangue
SRC_1708,gangue
SRC_1709,gangue
SRC_1710,gangue
SRC_1711,gangue
SRC_1712,gangue
SRC_1713,gangue
SRC_1714,gangue
SRC_1715,gangue
SRC_1716,gangue
SRC_1717,gangue
SRC_1718,gangue
SRC_1719,gangue
SRC_1720,gangue
SRC_1721,gangue
SRC_1722,gangue
SRC_1723,gangue
SRC_1724,gangue
SRC_1725,gangue
SRC_1726,gangue
SRC_1727,gangue
SRC_1728,gangue
SRC_1729,gangue
SRC_1730,gangue
SRC_1731,gangue
SRC_1732,gangue
SRC_1733,gangue
SRC_1734,gangue
SRC_1735,gangue
SRC_1736,gangue
SRC_1737,gangue
SRC_1738,gangue
SRC_1739,gangue
SRC_1740,gangue
SRC_1741,gangue
SRC_1742,gangue
SRC_1743,gangue
SRC_1744,gangue
SRC_1745,gangue
SRC_1746,gangue
SRC_1747,gangue
SRC_1748,gangue
SRC_1749,gangue
SRC_1750,gangue
SRC_1751,gangue
SRC_1752,gangue
SRC_1753,gangue
SRC_1754,gangue
SRC_1755,gangue
SRC_1756,gangue
SRC_1757,gangue
SRC_1758,gangue
SRC_1759,gangue
SRC_1760,gangue
SRC_1761,gangue
SRC_1762,gangue
SRC_1763,gangue
SRC_1764,gangue
SRC_1765,gangue
SRC_1766,gangue
SRC_1767,gangue
SRC_1768,gangue
SRC_1769,gangue
SRC_1770,gangue
SRC_1771,gangue
SRC_1772,gangue
SRC_1773,gangue
SRC_1774,gangue
SRC_1775,gangue
SRC_1776,gangue
SRC_1777,gangue
SRC_1778,gangue
SRC_1779,gangue
SRC_1780,gangue
SRC_1781,gangue
SRC_1782,gangue
SRC_1783,gangue
SRC_1784,gangue
SRC_1785,gangue
SRC_1786,gangue
SRC_1787,gangue
SRC_1788,gangue
SRC_1789,gangue
SRC_1790,gangue
SRC_1791,gangue
SRC_1792,gangue
SRC_1793,gangue
SRC_1794,gangue
SRC_1795,gangue
SRC_1796,gangue
SRC_1797,gangue
SRC_1798,gangue
SRC_1799,gangue
SRC_1800,gangue
SRC_1801,gangue
SRC_1802,gangue
SRC_1803,gangue
SRC_1804,gangue
SRC_1805,gangue
SRC_1806,gangue
SRC_1807,gangue
SRC_1808,gangue
SRC_1809,gangue
SRC_1810,gangue
SRC_1811,gangue
SRC_1812,gangue
SRC_1813,gangue
SRC_1814,gangue
SRC_1815,gangue
SRC_1816,gangue
SRC_1817,gangue
SRC_1818,gangue
SRC_1819,gangue
SRC_1820,gangue
SRC_1821,gangue
SRC_1822,gangue
SRC_1823,gangue
SRC_1824,gangue
SRC_1825,gangue
SRC_1826,gangue
SRC_1827,gangue
SRC_1828,gangue
SRC_1829,gangue
SRC_1830,gangue
SRC_1831,gangue
SRC_1832,gangue
SRC_1833,gangue
SRC_1834,gangue
SRC_1835,gangue
SRC_1836,gangue
SRC_1837,gangue
SRC_1838,gangue
SRC_1839,gangue
SRC_1840,gangue
SRC_1841,gangue
SRC_1842,gangue
SRC_1843,gangue
SRC_1844,gangue
SRC_1845,gangue
SRC_1846,gangue
SRC_1847,gangue
SRC_1848,gangue
SRC_1849,gangue
SRC_1850,gangue
SRC_1851,gangue
SRC_1852,gangue
SRC_1853,gangue
SRC_1854,gangue
SRC_1855,gangue
SRC_1856,gangue
SRC_1857,gangue
SRC_1858,gangue
SRC_1859,gangue
SRC_1860,gangue
SRC_1861,gangue
SRC_1862,gangue
SRC_1863,gangue
SRC_1864,gangue
SRC_1865,gangue
SRC_1866,gangue
SRC_1867,gangue
SRC_1868,gangue
SRC_1869,gangue
SRC_1870,gangue
SRC_1871,gangue
SRC_1872,gangue
SRC_1873,gangue
SRC_1874,gangue
SRC_1875,gangue
SRC_1876,gangue
SRC_1877,gangue
SRC_1878,gangue
SRC_1879,gangue
SRC_1880,gangue
SRC_1881,gangue
SRC_1882,gangue
SRC_1883,gangue
SRC_1884,gangue
SRC_1885,gangue
SRC_1886,gangue
SRC_1887,gangue
SRC_1888,gangue
SRC_1889,gangue
SRC_1890,gangue
SRC_1891,gangue
SRC_1892,gangue
SRC_1893,gangue
SRC_1894,gangue
SRC_1895,gangue
SRC_1896,gangue
SRC_1897,gangue
SRC_1898,gangue
SRC_1899,gangue
SRC_1900,gangue
SRC_1901,gangue
SRC_1902,gangue
SRC_1903,gangue
SRC_1904,gangue
SRC_1905,gangue
SRC_1906,gangue
SRC_1907,gangue
SRC_1908,gangue
SRC_1909,empty
SRC_1910,empty
SRC_1911,empty
SRC_1912,empty
SRC_1913,empty
SRC_1914,empty
SRC_1915,empty
SRC_1916,empty
SRC_1917,empty
SRC_1918,empty
SRC_1919,empty
SRC_1920,empty
SRC_1921,empty
SRC_1922,empty
SRC_1923,empty
SRC_1924,empty
SRC_1925,empty
SRC_1926,empty
SRC_1927,empty
SRC_1928,empty
SRC_1929,empty
SRC_1930,empty
SRC_1931,empty
SRC_1932,empty
SRC_1933,empty
SRC_1934,empty
SRC_1935,empty
SRC_1936,empty
SRC_1937,empty
SRC_1938,empty
SRC_1939,empty
SRC_1940,empty
SRC_1941,empty
SRC_1942,empty
SRC_1943,empty
SRC_1944,empty
SRC_1945,empty
SRC_1946,empty
SRC_1947,empty
SRC_1948,empty
SRC_1949,empty
SRC_1950,empty
SRC_1951,empty
SRC_1952,empty
SRC_1953,empty
SRC_1954,empty
SRC_1955,empty
SRC_1956,empty
SRC_1957,empty
SRC_1958,empty
SRC_1959,empty
SRC_1960,empty
SRC_1961,empty
SRC_1962,empty
SRC_1963,empty
SRC_1964,empty
SRC_1965,empty
SRC_1966,empty
SRC_1967,empty
SRC_1968,empty
SRC_1969,empty
SRC_1970,empty
SRC_1971,empty
SRC_1972,empty
SRC_1973,empty
SRC_1974,empty
SRC_1975,empty
SRC_1976,empty
SRC_1977,empty
SRC_1978,empty
SRC_1979,empty
SRC_1980,empty
SRC_1981,empty
SRC_1982,empty
SRC_1983,empty
SRC_1984,empty
SRC_1985,empty
SRC_1986,empty
SRC_1987,empty
SRC_1988,empty
SRC_1989,empty
SRC_1990,empty
SRC_1991,empty
SRC_1992,empty
SRC_1993,empty
SRC_1994,empty
SRC_1995,empty
SRC_1996,empty
SRC_1997,empty
SRC_1998,empty
SRC_1999,empty
SRC_2000,empty
SRC_2001,empty
SRC_2002,empty
SRC_2003,empty
SRC_2004,empty
SRC_2005,empty
SRC_2006,empty
SRC_2007,empty
SRC_2008,empty
SRC_2009,empty
SRC_2010,empty
SRC_2011,empty
SRC_2012,empty
SRC_2013,empty
SRC_2014,empty
SRC_2015,empty
SRC_2016,empty
SRC_2017,empty
SRC_2018,empty
SRC_2019,empty
SRC_2020,empty
SRC_2021,empty
SRC_2022,empty
SRC_2023,empty
SRC_2024,empty
SRC_2025,empty
SRC_2026,empty
SRC_2027,empty
SRC_2028,empty
SRC_2029,empty
SRC_2030,empty
SRC_2031,empty
SRC_2032,empty
SRC_2033,empty
SRC_2034,empty
SRC_2035,empty
SRC_2036,empty
SRC_2037,empty
SRC_2038,empty
SRC_2039,empty
SRC_2040,empty
SRC_2041,empty
SRC_2042,empty
SRC_2043,empty
SRC_2044,empty
SRC_2045,empty
SRC_2046,empty
SRC_2047,empty
SRC_2048,empty
SRC_2049,empty
SRC_2050,empty
SRC_2051,empty
SRC_2052,empty
SRC_2053,empty
SRC_2054,empty
SRC_2055,empty
SRC_2056,empty
SRC_2057,empty
SRC_2058,empty
SRC_2059,empty
SRC_2060,empty
SRC_2061,empty
SRC_2062,empty
SRC_2063,empty
SRC_2064,empty
SRC_2065,empty
SRC_2066,empty
SRC_2067,empty
SRC_2068,empty
SRC_2069,empty
SRC_2070,empty
SRC_2071,empty
SRC_2072,empty
SRC_2073,empty
SRC_2074,empty
SRC_2075,empty
SRC_2076,empty
SRC_2077,empty
SRC_2078,empty
SRC_2079,empty
SRC_2080,empty
SRC_2081,empty
SRC_2082,empty
SRC_2083,empty
SRC_2084,empty
SRC_2085,empty
SRC_2086,empty
SRC_2087,empty
SRC_2088,empty
SRC_2089,empty
SRC_2090,empty
SRC_2091,empty
SRC_2092,empty
SRC_2093,empty
SRC_2094,empty
SRC_2095,empty
SRC_2096,empty
SRC_2097,empty
SRC_2098,empty
SRC_2099,empty
SRC_2100,empty
SRC_2101,empty
SRC_2102,empty
SRC_2103,empty
SRC_2104,empty
SRC_2105,empty
SRC_2106,empty
SRC_2107,empty
SRC_2108,empty
SRC_2109,empty
SRC_2110,empty
SRC_2111,empty
SRC_2112,empty
SRC_2113,empty
SRC_2114,empty
SRC_2115,empty
SRC_2116,empty
SRC_2117,empty
SRC_2118,empty
SRC_2119,empty
SRC_2120,empty
SRC_2121,empty
SRC_2122,empty
SRC_2123,empty
SRC_2124,empty
SRC_2125,empty
SRC_2126,empty
SRC_2127,empty
SRC_2128,empty
SRC_2129,empty
SRC_2130,empty
SRC_2131,empty
SRC_2132,empty
SRC_2133,empty
SRC_2134,empty
SRC_2135,empty
SRC_2136,empty
SRC_2137,empty
SRC_2138,empty
SRC_2139,empty
SRC_2140,empty
SRC_2141,empty
SRC_2142,empty
SRC_2143,empty
SRC_2144,empty
SRC_2145,empty
SRC_2146,empty
SRC_2147,empty
SRC_2148,empty
SRC_2149,empty
SRC_2150,empty
SRC_2151,empty
SRC_2152,empty
SRC_2153,empty
SRC_2154,empty
SRC_2155,empty
SRC_2156,empty
SRC_2157,empty
SRC_2158,empty
SRC_2159,empty
SRC_2160,empty
SRC_2161,empty
SRC_2162,empty
SRC_2163,empty
SRC_2164,empty
SRC_2165,empty
SRC_2166,empty
SRC_2167,empty
SRC_2168,empty
SRC_2169,empty
SRC_2170,empty
SRC_2171,empty
SRC_2172,empty
SRC_2173,empty
SRC_2174,empty
SRC_2175,empty
SRC_2176,empty
SRC_2177,empty
SRC_2178,empty
SRC_2179,empty
SRC_2180,empty
SRC_2181,empty
SRC_2182,empty
SRC_2183,empty
SRC_2184,empty
SRC_2185,empty
SRC_2186,empty
SRC_2187,empty
SRC_2188,empty
SRC_2189,empty
SRC_2190,empty
SRC_2191,empty
SRC_2192,empty
SRC_2193,empty
SRC_2194,empty
SRC_2195,empty
SRC_2196,empty
SRC_2197,empty
SRC_2198,empty
SRC_2199,empty
SRC_2200,empty
SRC_2201,empty
SRC_2202,empty
SRC_2203,empty
SRC_2204,empty
SRC_2205,empty
SRC_2206,empty
SRC_2207,empty
SRC_2208,empty
SRC_2209,empty
SRC_2210,empty
SRC_2211,empty
SRC_2212,empty
SRC_2213,empty
SRC_2214,empty
SRC_2215,empty
SRC_2216,empty
SRC_2217,empty
SRC_2218,empty
SRC_2219,empty
SRC_2220,empty
SRC_2221,empty
SRC_2222,empty
SRC_2223,empty
SRC_2224,empty
SRC_2225,empty
SRC_2226,empty
SRC_2227,empty
SRC_2228,empty
SRC_2229,empty
SRC_2230,empty
SRC_2231,empty
SRC_2232,empty
SRC_2233,empty
SRC_2234,empty
SRC_2235,empty
SRC_2236,empty
SRC_2237,empty
SRC_2238,empty
SRC_2239,empty
SRC_2240,empty
SRC_2241,empty
SRC_2242,empty
SRC_2243,empty
SRC_2244,empty
SRC_2245,empty
SRC_2246,empty
SRC_2247,empty
SRC_2248,empty
SRC_2249,empty
SRC_2250,empty
SRC_2251,empty
SRC_2252,empty
SRC_2253,empty
SRC_2254,empty
SRC_2255,empty
SRC_2256,empty
SRC_2257,empty
SRC_2258,empty
SRC_2259,empty
SRC_2260,empty
SRC_2261,empty
SRC_2262,empty
SRC_2263,empty
SRC_2264,empty
SRC_2265,empty
SRC_2266,empty
SRC_2267,empty
SRC_2268,empty
SRC_2269,empty
SRC_2270,empty
SRC_2271,empty
SRC_2272,empty
SRC_2273,empty
SRC_2274,empty
SRC_2275,empty
SRC_2276,empty
SRC_2277,empty
SRC_2278,empty
SRC_2279,empty
SRC_2280,empty
SRC_2281,empty
SRC_2282,empty
SRC_2283,empty
SRC_2284,empty
SRC_2285,empty
SRC_2286,empty
SRC_2287,empty
SRC_2288,empty
SRC_2289,empty
SRC_2290,empty
SRC_2291,empty
SRC_2292,empty
SRC_2293,empty
SRC_2294,empty
SRC_2295,empty
SRC_2296,empty
SRC_2297,empty
SRC_2298,empty
SRC_2299,empty
SRC_2300,empty
SRC_2301,empty
SRC_2302,empty
SRC_2303,empty
SRC_2304,empty
SRC_2305,empty
SRC_2306,empty
SRC_2307,empty
SRC_2308,empty
SRC_2309,empty
SRC_2310,empty
SRC_2311,empty
SRC_2312,empty
SRC_2313,empty
SRC_2314,empty
SRC_2315,empty
SRC_2316,empty
SRC_2317,empty
SRC_2318,empty
SRC_2319,empty
SRC_2320,empty
SRC_2321,empty
SRC_2322,empty
SRC_2323,empty
SRC_2324,empty
SRC_2325,empty
SRC_2326,empty
SRC_2327,empty
SRC_2328,empty
SRC_2329,empty
SRC_2330,empty
SRC_2331,empty
SRC_2332,empty
SRC_2333,empty
SRC_2334,empty
SRC_2335,empty
SRC_2336,empty
SRC_2337,empty
SRC_2338,empty
SRC_2339,empty
SRC_2340,empty
SRC_2341,empty
SRC_2342,empty
SRC_2343,empty
SRC_2344,empty
SRC_2345,empty
SRC_2346,empty
SRC_2347,empty
SRC_2348,empty
SRC_2349,empty
SRC_2350,empty
SRC_2351,empty
SRC_2352,empty
SRC_2353,empty
SRC_2354,empty
SRC_2355,empty
SRC_2356,empty
SRC_2357,empty
SRC_2358,empty
SRC_2359,empty
SRC_2360,empty
SRC_2361,empty
SRC_2362,empty
SRC_2363,empty
SRC_2364,empty
SRC_2365,empty
SRC_2366,empty
SRC_2367,empty
SRC_2368,empty
SRC_2369,empty
SRC_2370,empty
SRC_2371,empty
SRC_2372,empty
SRC_2373,empty
SRC_2374,empty
SRC_2375,empty
SRC_2376,empty
SRC_2377,empty
SRC_2378,empty
SRC_2379,empty
SRC_2380,empty
SRC_2381,empty
SRC_2382,empty
SRC_2383,empty
SRC_2384,empty
SRC_2385,empty
SRC_2386,empty
SRC_2387,empty
SRC_2388,empty
SRC_2389,empty
SRC_2390,empty
SRC_2391,empty
SRC_2392,empty
SRC_2393,empty
SRC_2394,empty
SRC_2395,empty
SRC_2396,empty
SRC_2397,empty
SRC_2398,empty
SRC_2399,empty
SRC_2400,empty
SRC_2401,empty
SRC_2402,empty
SRC_2403,empty
SRC_2404,empty
SRC_2405,empty
SRC_2406,empty
SRC_2407,empty
SRC_2408,empty
SRC_2409,empty
SRC_2410,empty
SRC_2411,empty
SRC_2412,empty
SRC_2413,empty
SRC_2414,empty
SRC_2415,empty
SRC_2416,empty
SRC_2417,empty
SRC_2418,empty
SRC_2419,empty
SRC_2420,empty
SRC_2421,empty
SRC_2422,empty
SRC_2423,empty
SRC_2424,empty
SRC_2425,empty
SRC_2426,empty
SRC_2427,empty
SRC_2428,empty
SRC_2429,empty
SRC_2430,empty
SRC_2431,empty
SRC_2432,empty
SRC_2433,empty
SRC_2434,empty
SRC_2435,empty
SRC_2436,empty
SRC_2437,empty
SRC_2438,empty
SRC_2439,empty
SRC_2440,empty
SRC_2441,empty
SRC_2442,empty
SRC_2443,empty
SRC_2444,empty
SRC_2445,empty
SRC_2446,empty
SRC_2447,empty
SRC_2448,empty
SRC_2449,empty
SRC_2450,empty
SRC_2451,empty
SRC_2452,empty
SRC_2453,empty
SRC_2454,empty
SRC_2455,empty
SRC_2456,empty
SRC_2457,empty
SRC_2458,empty
SRC_2459,empty
SRC_2460,empty
SRC_2461,empty
SRC_2462,empty
SRC_2463,empty
SRC_2464,empty
SRC_2465,empty
SRC_2466,empty
SRC_2467,empty
SRC_2468,empty
SRC_2469,empty
SRC_2470,empty
SRC_2471,empty
SRC_2472,empty
SRC_2473,empty
SRC_2474,empty
SRC_2475,empty
SRC_2476,empty
SRC_2477,empty
SRC_2478,empty
SRC_2479,empty
SRC_2480,empty
SRC_2481,empty
SRC_2482,empty
SRC_2483,empty
SRC_2484,empty
SRC_2485,empty
SRC_2486,empty
SRC_2487,empty
SRC_2488,empty
SRC_2489,empty
SRC_2490,empty
SRC_2491,empty
SRC_2492,empty
SRC_2493,empty
SRC_2494,empty
SRC_2495,empty
SRC_2496,empty
SRC_2497,empty
SRC_2498,empty
SRC_2499,empty
SRC_2500,empty
SRC_2501,empty
SRC_2502,empty
SRC_2503,empty
SRC_2504,empty
SRC_2505,empty
SRC_2506,empty
SRC_2507,empty
SRC_2508,empty
SRC_2509,empty
SRC_2510,empty
SRC_2511,empty
SRC_2512,empty
SRC_2513,empty
SRC_2514,empty
SRC_2515,empty
SRC_2516,empty
SRC_2517,empty
SRC_2518,empty
SRC_2519,empty
SRC_2520,empty
SRC_2521,empty
SRC_2522,empty
SRC_2523,empty
SRC_2524,empty
SRC_2525,empty
SRC_2526,empty
SRC_2527,empty
SRC_2528,empty
SRC_2529,empty
SRC_2530,empty
SRC_2531,empty
SRC_2532,empty
SRC_2533,empty
SRC_2534,empty
SRC_2535,empty
SRC_2536,empty
SRC_2537,empty
SRC_2538,empty
SRC_2539,empty
SRC_2540,empty
SRC_2541,empty
SRC_2542,empty
SRC_2543,empty
SRC_2544,empty
SRC_2545,empty
SRC_2546,empty
SRC_2547,empty
SRC_2548,empty
SRC_2549,empty
SRC_2550,empty
SRC_2551,empty
SRC_2552,empty
SRC_2553,empty
SRC_2554,empty
SRC_2555,empty
SRC_2556,empty
SRC_2557,empty
SRC_2558,empty
SRC_2559,empty
SRC_2560,empty
SRC_2561,empty
SRC_2562,empty
SRC_2563,empty
SRC_2564,empty
SRC_2565,empty
SRC_2566,empty
SRC_2567,empty
SRC_2568,empty
SRC_2569,empty
SRC_2570,empty
SRC_2571,empty
SRC_2572,empty
SRC_2573,empty
SRC_2574,empty
SRC_2575,empty
SRC_2576,empty
SRC_2577,empty
SRC_2578,empty
SRC_2579,empty
SRC_2580,empty
SRC_2581,empty
SRC_2582,empty
SRC_2583,empty
SRC_2584,empty
SRC_2585,empty
SRC_2586,empty
SRC_2587,empty
SRC_2588,empty
SRC_2589,empty
SRC_2590,empty
SRC_2591,empty
SRC_2592,empty
SRC_2593,empty
SRC_2594,empty
SRC_2595,empty
SRC_2596,empty
SRC_2597,empty
SRC_2598,empty
SRC_2599,empty
SRC_2600,empty
SRC_2601,empty
SRC_2602,empty
SRC_2603,empty
SRC_2604,empty
SRC_2605,empty
SRC_2606,empty
SRC_2607,empty
SRC_2608,empty
SRC_2609,empty
SRC_2610,empty
SRC_2611,empty
SRC_2612,empty
SRC_2613,empty
SRC_2614,empty
SRC_2615,empty
SRC_2616,empty
SRC_2617,empty
SRC_2618,empty
SRC_2619,empty
SRC_2620,empty
SRC_2621,empty
SRC_2622,empty
SRC_2623,empty
SRC_2624,empty
SRC_2625,empty
SRC_2626,empty
SRC_2627,empty
SRC_2628,empty
SRC_2629,empty
SRC_2630,empty
SRC_2631,empty
SRC_2632,empty
SRC_2633,empty
SRC_2634,empty
SRC_2635,empty
SRC_2636,empty
SRC_2637,empty
SRC_2638,empty
SRC_2639,empty
SRC_2640,empty
SRC_2641,empty
SRC_2642,empty
SRC_2643,empty
SRC_2644,empty
SRC_2645,empty
SRC_2646,empty
SRC_2647,empty
SRC_2648,empty
SRC_2649,empty
SRC_2650,empty
SRC_2651,empty
SRC_2652,empty
SRC_2653,empty
SRC_2654,empty
SRC_2655,empty
SRC_2656,empty
SRC_2657,empty
SRC_2658,empty
SRC_2659,empty
SRC_2660,empty
SRC_2661,empty
SRC_2662,empty
SRC_2663,empty
SRC_2664,empty
